,adult_points,adult_percentage,child_points,child_percentage,road users_points,road users_percentage,assist_points,assist_percentage,total_points,URL,name,stars,id,YEAR
18,35.8,94.0,45.0,91.0,45.9,85.0,15.7,98.0,142.39999999999998,https://www.euroncap.com/en/results/tesla/model%2Bs/47760,Tesla Model S,5,47760,2022
41,36.9,97.0,43.0,87.0,44.8,82.0,15.7,98.0,140.4,https://www.euroncap.com/en/results/tesla/model%2520y/46618,Tesla Model Y,5,46618,2022
215,34.3,90.0,43.0,87.0,48.2,89.0,14.6,91.0,140.1,https://www.euroncap.com/en/results/lexus/rx/48753,Lexus RX,5,48753,2022
97,36.4,95.0,45.0,91.0,45.1,83.0,13.1,81.0,139.6,https://www.euroncap.com/en/results/mercedes-benz/eqe/47133,Mercedes-EQ EQE,5,47133,2022
232,33.8,88.0,45.0,91.0,48.2,89.0,12.2,76.0,139.2,https://www.euroncap.com/en/results/mazda/cx-60/46610,MAZDA CX-60,5,46610,2022
278,33.6,88.0,44.0,89.0,45.4,84.0,15.3,95.0,138.3,https://www.euroncap.com/en/results/subaru/outback/43500,Subaru Outback,5,43500,2021
247,34.6,91.0,42.9,87.0,45.2,83.0,14.7,91.0,137.4,https://www.euroncap.com/en/results/lexus/nx/45229,Lexus NX,5,45229,2022
105,35.5,93.0,44.0,89.0,43.5,80.0,13.4,83.0,136.4,https://www.euroncap.com/en/results/polestar/2/42252,Polestar 2,5,42252,2021
206,35.6,93.0,43.7,89.0,43.3,80.0,13.2,82.0,135.8,https://www.euroncap.com/en/results/mercedes-benz/c-class/45873,Mercedes-Benz C-Class,5,45873,2022
234,36.6,96.0,45.0,91.0,41.3,76.0,12.9,80.0,135.79999999999998,https://www.euroncap.com/en/results/mercedes-benz/eqs/44203,Mercedes-EQ EQS,5,44203,2021
4,34.8,91.0,43.0,87.0,42.9,79.0,15.1,94.0,135.79999999999998,https://www.euroncap.com/en/results/wey/coffee%252001/46621,WEY Coffee 01,5,46621,2022
94,36.5,96.0,45.0,91.0,44.2,92.0,9.8,75.0,135.5,https://www.euroncap.com/en/results/mercedes-benz/a-class/33728,Mercedes-Benz A-Class,5,33728,2018
235,36.6,96.0,44.8,91.0,44.1,91.0,9.8,75.0,135.3,https://www.euroncap.com/en/results/mercedes-benz/cla-class/38093,Mercedes-Benz CLA,5,38093,2019
214,34.2,90.0,45.0,91.0,42.2,78.0,13.5,84.0,134.9,https://www.euroncap.com/en/results/lucid/air/48413,Lucid Air,5,48413,2022
230,33.9,89.0,43.0,87.0,44.4,82.0,13.4,83.0,134.70000000000002,https://www.euroncap.com/en/results/honda/civic/47744,Honda Civic,5,47744,2022
27,34.9,91.0,43.0,87.0,41.9,77.0,14.7,91.0,134.5,https://www.euroncap.com/en/results/genesis/g80/42794,Genesis G80,5,42794,2021
122,35.6,93.0,44.0,89.0,41.3,76.0,13.6,85.0,134.5,https://www.euroncap.com/en/results/vw/id.5/45239,Volkswagen ID.5,5,45239,2021
31,35.6,93.0,44.0,89.0,41.3,76.0,13.6,85.0,134.5,https://www.euroncap.com/en/results/vw/id.4/42456,Volkswagen ID.4,5,42456,2021
102,37.2,97.0,43.0,87.0,44.1,91.0,10.0,76.0,134.3,https://www.euroncap.com/en/results/bmw/z4/38091,BMW Z4,5,38091,2019
8,33.7,88.0,43.0,87.0,42.8,79.0,14.7,91.0,134.2,https://www.euroncap.com/en/results/toyota/bz4x/47139,Toyota bZ4X,5,47139,2022
39,33.7,88.0,43.0,87.0,42.8,79.0,14.7,91.0,134.2,https://www.euroncap.com/en/results/subaru/solterra/47137,Subaru Solterra,5,47137,2022
145,32.6,85.0,40.9,83.0,47.0,87.0,13.2,82.0,133.7,https://www.euroncap.com/en/results/toyota/corolla%2Bcross/47763,Toyota Corolla Cross,5,47763,2022
229,35.2,92.0,44.4,90.0,40.4,74.0,13.5,84.0,133.5,https://www.euroncap.com/en/results/mercedes-benz/glc/48755,Mercedes-Benz GLC,5,48755,2022
36,35.8,94.0,43.0,87.0,39.6,73.0,15.0,93.0,133.4,https://www.euroncap.com/en/results/wey/coffee%252002/47770,WEY Coffee 02,5,47770,2022
52,36.6,96.0,43.8,89.0,38.9,71.0,14.1,88.0,133.4,https://www.euroncap.com/en/results/smart/%231/48000,smart #1,5,48000,2022
283,34.8,91.0,44.8,91.0,38.2,70.0,15.2,95.0,133.0,https://www.euroncap.com/en/results/nissan/qashqai/44204,Nissan Qashqai,5,44204,2021
140,31.9,84.0,44.0,89.0,43.8,81.0,13.0,81.0,132.7,https://www.euroncap.com/en/results/jeep/grand%2520cherokee/47749,Jeep Grand Cherokee,5,47749,2022
285,33.8,88.0,42.0,85.0,43.7,80.0,13.2,82.0,132.7,https://www.euroncap.com/en/results/toyota/mirai/43501,Toyota Mirai,5,43501,2021
108,34.7,91.0,45.8,93.0,37.7,69.0,14.5,90.0,132.7,https://www.euroncap.com/en/results/mercedes-benz/t-class/46257,Mercedes-Benz T-Class,5,46257,2022
35,34.7,91.0,45.8,93.0,37.7,69.0,14.5,90.0,132.7,https://www.euroncap.com/en/results/mercedes-benz/citan%2Btourer/46254,Mercedes-Benz Citan Tourer,5,46254,2022
28,32.8,86.0,43.9,89.0,41.1,76.0,14.8,92.0,132.6,https://www.euroncap.com/en/results/bmw/x1/47128,BMW X1,5,47128,2022
80,37.1,97.0,41.1,83.0,44.8,93.0,9.5,72.0,132.5,https://www.euroncap.com/en/results/bmw/4%2Bseries%2Bcoup%25c3%25a9/42776,BMW 4 Series Coupe,5,42776,2019
205,35.5,93.0,44.0,89.0,39.6,73.0,13.4,83.0,132.5,https://www.euroncap.com/en/results/maxus/mifa%2B9/48610,Maxus MIFA 9,5,48610,2022
34,34.8,91.0,43.0,87.0,39.5,73.0,15.2,95.0,132.5,https://www.euroncap.com/en/results/nio/et7/47752,NIO ET7,5,47752,2022
251,34.0,89.0,43.0,87.0,41.3,76.0,14.1,88.0,132.4,https://www.euroncap.com/en/results/genesis/g70/44199,Genesis G70,5,44199,2021
17,34.7,91.0,44.3,90.0,38.2,70.0,15.2,95.0,132.4,https://www.euroncap.com/en/results/nissan/x%2520trail/47772,Nissan X-Trail,5,47772,2021
250,33.0,86.0,43.9,89.0,40.4,74.0,15.0,93.0,132.3,https://www.euroncap.com/en/results/nissan/ariya/47755,Nissan Ariya,5,47755,2022
91,35.5,93.0,44.0,89.0,39.9,73.0,12.8,80.0,132.20000000000002,https://www.euroncap.com/en/results/cupra/born/46243,Cupra Born,5,46243,2022
81,37.1,97.0,42.8,87.0,42.0,87.0,10.0,76.0,131.9,https://www.euroncap.com/en/results/bmw/3%2520series/38531,BMW 3 series,5,38531,2019
13,36.0,94.0,44.0,89.0,38.3,71.0,13.2,82.0,131.5,https://www.euroncap.com/en/results/skoda/enyaq%2520iv/42455,Skoda ENYAQ iV,5,42455,2021
212,36.8,96.0,42.9,87.0,38.7,71.0,13.1,81.0,131.5,https://www.euroncap.com/en/results/lynk%2520%26%2520co/01/43498,Lynk & Co 01,5,43498,2021
233,34.7,91.0,43.0,87.0,43.7,90.0,10.1,77.0,131.5,https://www.euroncap.com/en/results/lexus/es/33733,Lexus ES,5,33733,2018
317,35.3,92.0,44.0,89.0,37.9,70.0,14.2,89.0,131.39999999999998,https://www.euroncap.com/en/results/volvo/c40%2520recharge/45878,Volvo C40 Recharge,5,45878,2022
126,33.7,88.0,40.0,81.0,42.8,79.0,14.8,92.0,131.3,https://www.euroncap.com/en/results/bmw/2%2Bseries%2Bactive%2Btourer/47127,BMW 2 Series Active Tourer,5,47127,2022
305,35.3,92.0,40.8,83.0,40.0,74.0,15.0,93.0,131.1,https://www.euroncap.com/en/results/ora/funky%2520cat/46613,ORA Funky Cat,5,46613,2022
44,37.1,97.0,45.0,91.0,38.5,80.0,10.2,78.0,130.79999999999998,https://www.euroncap.com/en/results/subaru/forester/39138,Subaru Forester,5,39138,2019
114,36.8,96.0,39.6,80.0,44.8,93.0,9.5,72.0,130.7,https://www.euroncap.com/en/results/bmw/4%2Bseries%2Bconvertible/42775,BMW 4 Series Convertible,5,42775,2019
93,37.0,97.0,44.5,90.0,39.3,81.0,9.8,75.0,130.6,https://www.euroncap.com/en/results/mercedes-benz/eqa/43187,Mercedes-EQ EQA,5,43187,2019
300,34.7,91.0,43.0,87.0,39.9,73.0,13.0,81.0,130.6,https://www.euroncap.com/en/results/bmw/ix/44196,BMW iX,5,44196,2021
163,37.0,97.0,43.0,87.0,36.0,66.0,14.4,90.0,130.4,https://www.euroncap.com/en/results/hyundai/ioniq%25206/47747,Hyundai IONIQ 6,5,47747,2022
95,33.3,87.0,44.0,89.0,38.8,71.0,14.2,88.0,130.29999999999998,https://www.euroncap.com/en/results/vw/id.3/41119,Volkswagen ID.3,5,41119,2020
343,34.7,91.0,41.2,84.0,41.4,76.0,12.7,79.0,130.0,https://www.euroncap.com/en/results/kia/niro/46607,Kia Niro,5,46607,2022
226,33.1,87.0,41.1,83.0,43.4,80.0,12.3,76.0,129.9,https://www.euroncap.com/en/results/honda/jazz/41212,Honda JAZZ,5,41212,2020
71,33.0,86.0,41.3,84.0,42.6,78.0,13.0,81.0,129.9,https://www.euroncap.com/en/results/toyota/yaris%2520cross/43819,Toyota Yaris Cross,5,43819,2021
92,32.0,84.0,44.2,90.0,40.0,74.0,13.6,84.0,129.8,https://www.euroncap.com/en/results/ford/ranger/48750,Ford Ranger,5,48750,2022
73,32.0,84.0,44.2,90.0,40.0,74.0,13.6,84.0,129.8,https://www.euroncap.com/en/results/vw/amarok/48758,Volkswagen Amarok,5,48758,2022
286,33.7,88.0,42.9,87.0,40.0,74.0,13.2,82.0,129.79999999999998,https://www.euroncap.com/en/results/vw/golf/47140,Volkswagen Golf,5,47140,2022
299,35.0,92.0,43.4,88.0,38.5,71.0,12.8,80.0,129.70000000000002,https://www.euroncap.com/en/results/seat/leon/41397,SEAT Leon,5,41397,2020
128,34.9,91.0,43.4,88.0,38.5,71.0,12.8,80.0,129.6,https://www.euroncap.com/en/results/cupra/leon/43180,CUPRA Leon,5,43180,2020
42,34.2,90.0,44.0,89.0,37.3,69.0,14.1,87.0,129.6,https://www.euroncap.com/en/results/vw/multivan/45881,VW Multivan,5,45881,2022
331,35.7,93.0,42.8,87.0,40.9,85.0,10.1,77.0,129.5,https://www.euroncap.com/en/results/toyota/rav4/35881,Toyota RAV4,5,35881,2019
62,37.1,97.0,42.9,87.0,39.2,81.0,10.0,76.0,129.2,https://www.euroncap.com/en/results/skoda/scala/37576,Skoda Scala,5,37576,2019
329,37.5,98.0,43.0,87.0,39.2,81.0,9.5,73.0,129.2,https://www.euroncap.com/en/results/mazda/3/35876,Mazda 3,5,35876,2019
349,36.1,95.0,41.6,84.0,41.4,86.0,10.1,77.0,129.2,https://www.euroncap.com/en/results/toyota/corolla/35878,Toyota Corolla,5,35878,2019
100,33.0,86.0,40.0,81.0,42.3,78.0,13.7,85.0,129.0,https://www.euroncap.com/en/results/toyota/yaris/40747,Toyota Yaris,5,40747,2020
237,33.0,86.0,40.0,81.0,42.3,78.0,13.7,85.0,129.0,https://www.euroncap.com/en/results/mazda/2/44201,Mazda 2 Hybrid,5,44201,2020
270,35.6,93.0,43.6,88.0,36.9,68.0,12.8,80.0,128.9,https://www.euroncap.com/en/results/cupra/formentor/42254,Cupra Formentor,5,42254,2021
148,36.6,96.0,44.5,90.0,37.9,79.0,9.8,75.0,128.8,https://www.euroncap.com/en/results/mercedes-benz/gla-class/43185,Mercedes-Benz GLA,5,43185,2019
99,35.7,93.0,44.0,89.0,36.1,66.0,12.8,80.0,128.60000000000002,https://www.euroncap.com/en/results/audi/q4%2Be-tron/43490,Audi Q4 e-tron,5,43490,2021
90,32.6,85.0,42.4,86.0,40.4,74.0,13.2,82.0,128.6,https://www.euroncap.com/en/results/ds/4/45696,DS 4,5,45696,2022
350,36.6,96.0,44.5,90.0,37.7,78.0,9.8,75.0,128.6,https://www.euroncap.com/en/results/mercedes-benz/b-class/37570,Mercedes-Benz B-Class,5,37570,2019
77,36.9,97.0,42.4,86.0,38.9,81.0,10.4,80.0,128.6,https://www.euroncap.com/en/results/vw/t-cross/35883,VW T-Cross,5,35883,2019
204,37.6,99.0,42.2,86.0,38.7,80.0,10.0,77.0,128.5,https://www.euroncap.com/en/results/mazda/cx-30/38857,Mazda CX-30,5,38857,2019
245,36.4,95.0,44.8,91.0,37.5,78.0,9.7,74.0,128.39999999999998,https://www.euroncap.com/en/results/mercedes-benz/eqb/44202,Mercedes-EQ EQB,5,44202,2019
312,36.7,96.0,42.1,85.0,39.4,82.0,10.1,77.0,128.3,https://www.euroncap.com/en/results/lexus/ux/35875,Lexus UX,5,35875,2019
98,32.2,84.0,43.7,89.0,38.7,71.0,13.7,85.0,128.3,https://www.euroncap.com/en/results/land%2Brover/discovery%2Bsport/48752,Land Rover Discovery Sport,5,48752,2022
57,34.7,91.0,44.0,89.0,37.5,69.0,12.0,74.0,128.2,https://www.euroncap.com/en/results/byd/atto%2B3/46635,BYD ATTO 3,5,46635,2022
121,35.2,92.0,42.5,86.0,37.3,69.0,13.2,82.0,128.2,https://www.euroncap.com/en/results/ford/mustang%2520mach-e/43812,Ford Mustang Mach-E,5,43812,2021
284,34.9,91.0,43.0,87.0,36.0,66.0,14.2,88.0,128.1,https://www.euroncap.com/en/results/genesis/gv80/42796,Genesis GV80,5,42796,2021
67,32.1,84.0,43.0,87.0,39.1,72.0,13.2,82.0,127.39999999999999,https://www.euroncap.com/en/results/land%2520rover/range%2520rover/47130,Land Rover Range Rover,5,47130,2022
154,35.9,94.0,41.2,84.0,38.8,71.0,11.4,70.0,127.3,https://www.euroncap.com/en/results/vw/taigo/45238,Volkswagen Taigo,5,45238,2022
9,36.3,95.0,44.0,89.0,36.8,76.0,10.2,78.0,127.3,https://www.euroncap.com/en/results/vw/golf/39844,Volkswagen Golf,5,39844,2019
208,33.4,87.0,42.7,87.0,37.0,68.0,14.2,88.0,127.3,https://www.euroncap.com/en/results/chery/omoda5/47166,CHERY OMODA5,5,47166,2022
66,34.9,91.0,44.2,90.0,37.8,78.0,10.2,78.0,127.1,https://www.euroncap.com/en/results/mercedes-benz/gle/37569,Mercedes-Benz GLE,5,37569,2019
64,31.5,82.0,41.5,84.0,39.3,72.0,14.8,92.0,127.1,https://www.euroncap.com/en/results/nio/es8/43499,NIO ES8,5,43499,2021
16,36.7,96.0,41.9,85.0,38.4,80.0,10.0,76.0,127.0,https://www.euroncap.com/en/results/skoda/kamiq/38097,Škoda Kamiq,5,38097,2019
157,36.7,96.0,42.3,86.0,35.7,74.0,12.3,94.0,127.0,https://www.euroncap.com/en/results/tesla/model%25203/37573,Tesla Model 3,5,37573,2019
351,37.1,97.0,41.6,84.0,38.0,79.0,10.3,79.0,127.0,https://www.euroncap.com/en/results/seat/tarraco/34836,Seat Tarraco,5,34836,2019
203,35.2,92.0,42.6,86.0,39.6,82.0,9.5,73.0,126.9,https://www.euroncap.com/en/results/ford/kuga/39116,Ford Kuga,5,39116,2019
141,36.6,96.0,44.1,90.0,36.2,75.0,9.9,75.0,126.80000000000001,https://www.euroncap.com/en/results/mercedes-benz/eqc/38095,Mercedes-EQ EQC,5,38095,2019
306,36.0,94.0,42.1,85.0,39.0,81.0,9.6,73.0,126.69999999999999,https://www.euroncap.com/en/results/nissan/juke/39679,Nissan Juke,5,39679,2019
72,36.2,95.0,42.5,86.0,36.7,76.0,11.1,85.0,126.5,https://www.euroncap.com/en/results/audi/q3/34189,Audi Q3,5,34189,2018
101,35.5,93.0,41.9,85.0,38.9,81.0,9.9,76.0,126.20000000000002,https://www.euroncap.com/en/results/audi/a6/33445,Audi A6,5,33445,2018
210,35.5,93.0,41.9,85.0,38.9,81.0,9.9,76.0,126.20000000000002,https://www.euroncap.com/en/results/audi/a7/38530,Audi A7,5,38530,2018
227,34.7,91.0,41.2,84.0,40.6,75.0,9.7,60.0,126.2,https://www.euroncap.com/en/results/kia/niro/46606,Kia Niro,4,46606,2022
194,34.6,91.0,42.8,87.0,37.0,68.0,11.8,73.0,126.2,https://www.euroncap.com/en/results/mazda/mx-30/41214,Mazda MX-30,5,41214,2020
155,33.0,86.0,42.2,86.0,37.6,69.0,13.3,83.0,126.10000000000001,https://www.euroncap.com/en/results/isuzu/d-max/47129,ISUZU D-Max Crew Cab,5,47129,2022
333,33.6,88.0,40.7,83.0,37.7,69.0,13.9,87.0,125.90000000000002,https://www.euroncap.com/en/results/renault/austral/46615,Renault Austral,5,46615,2022
10,32.6,85.0,42.4,86.0,40.5,74.0,10.4,65.0,125.9,https://www.euroncap.com/en/results/ds/4/45659,DS 4,4,45659,2022
188,34.1,89.0,43.0,87.0,34.8,64.0,14.0,87.0,125.89999999999999,https://www.euroncap.com/en/results/genesis/gv70/44200,Genesis GV70,5,44200,2021
287,34.5,90.0,42.2,86.0,35.1,64.0,14.0,87.0,125.80000000000001,https://www.euroncap.com/en/results/kia/ev6/45871,Kia EV6,5,45871,2022
161,35.2,92.0,43.4,88.0,37.5,78.0,9.7,74.0,125.8,https://www.euroncap.com/en/results/mercedes-benz/glb/38858,Mercedes-Benz GLB,5,38858,2019
40,35.3,92.0,43.0,87.0,32.9,60.0,14.5,90.0,125.69999999999999,https://www.euroncap.com/en/results/vw/id.%2Bbuzz/47766,Volkswagen ID. Buzz,5,47766,2022
189,32.2,84.0,42.2,86.0,37.6,69.0,13.4,83.0,125.4,https://www.euroncap.com/en/results/isuzu/d-max/41401,ISUZU D-MAX,5,41401,2020
46,34.1,89.0,43.0,87.0,34.2,63.0,14.1,88.0,125.39999999999999,https://www.euroncap.com/en/results/genesis/gv60/46605,Genesis GV60,5,46605,2022
211,32.5,85.0,41.7,85.0,38.4,71.0,12.7,79.0,125.3,https://www.euroncap.com/en/results/land%2Brover/defender/41395,Land Rover Defender,5,41395,2020
177,33.3,87.0,43.0,87.0,38.7,71.0,10.2,64.0,125.2,https://www.euroncap.com/en/results/bmw/i4/46241,BMW i4,4,46241,2022
275,33.8,89.0,41.2,84.0,37.1,68.0,13.1,81.0,125.19999999999999,https://www.euroncap.com/en/results/skoda/octavia/47756,Skoda Octavia,5,47756,2022
26,32.4,85.0,42.0,85.0,37.5,69.0,13.2,82.0,125.10000000000001,https://www.euroncap.com/en/results/land%2Brover/range%2Brover/47131,Land Rover Range Rover Sport,5,47131,2022
43,33.8,88.0,42.6,86.0,34.4,63.0,14.2,88.0,125.00000000000001,https://www.euroncap.com/en/results/hyundai/ioniq%25205/43813,Hyundai IONIQ 5,5,43813,2021
196,35.9,94.0,43.0,87.0,36.5,76.0,9.5,72.0,124.9,https://www.euroncap.com/en/results/bmw/2%2Bseries%2Bgran%2Bcoup%25c3%25a9/41291,BMW 2 Series Gran Coupe,5,41291,2019
142,36.5,96.0,43.7,89.0,34.8,72.0,9.9,75.0,124.9,https://www.euroncap.com/en/results/renault/clio/35877,Renault Clio,5,35877,2019
158,35.9,94.0,39.5,80.0,38.0,70.0,11.4,70.0,124.80000000000001,https://www.euroncap.com/en/results/vw/polo/45237,Volkswagen Polo,5,45237,2022
318,36.8,96.0,42.0,85.0,36.1,85.0,9.9,82.0,124.80000000000001,https://www.euroncap.com/en/results/vw/arteon/27324,Volkswagen Arteon,5,27324,2017
112,37.5,98.0,39.9,81.0,35.0,72.0,12.3,94.0,124.7,https://www.euroncap.com/en/results/tesla/model%2Bx/39141,Tesla Model X,5,39141,2019
171,37.2,97.0,43.0,87.0,34.5,71.0,10.0,76.0,124.7,https://www.euroncap.com/en/results/volvo/xc40/33014,Volvo XC40,5,33014,2018
82,36.0,94.0,41.5,84.0,37.2,77.0,9.7,74.0,124.4,https://www.euroncap.com/en/results/ford/puma/39674,Ford Puma,5,39674,2019
53,35.3,92.0,43.2,88.0,35.5,73.0,10.3,79.0,124.3,https://www.euroncap.com/en/results/skoda/octavia/39136,Škoda Octavia,5,39136,2019
175,36.6,96.0,43.0,87.0,34.8,72.0,9.9,75.0,124.3,https://www.euroncap.com/en/results/ford/focus/38092,Ford Focus,5,38092,2019
160,31.6,83.0,39.5,80.0,40.6,75.0,12.6,78.0,124.29999999999998,https://www.euroncap.com/en/results/mg/4%2520electric/48646,MG 4 Electric,5,48646,2022
15,32.6,85.0,43.3,88.0,35.4,65.0,12.7,79.0,124.00000000000001,https://www.euroncap.com/en/results/renault/megane%2Be-tech/45241,Renault Megane E-Tech,5,45241,2022
124,36.2,95.0,42.0,85.0,35.1,73.0,10.4,80.0,123.70000000000002,https://www.euroncap.com/en/results/audi/a1/38088,Audi A1,5,38088,2019
332,36.5,96.0,42.4,86.0,34.5,71.0,10.3,79.0,123.7,https://www.euroncap.com/en/results/peugeot/508/34194,Peugeot 508,5,34194,2018
180,33.4,87.0,42.5,86.0,36.1,66.0,11.6,72.0,123.6,https://www.euroncap.com/en/results/kia/sportage/46244,Kia Sportage,5,46244,2022
197,36.8,96.0,41.0,83.0,36.1,75.0,9.6,74.0,123.5,https://www.euroncap.com/en/results/renault/captur/39132,Renault Captur,5,39132,2019
259,36.8,96.0,41.0,83.0,36.1,75.0,9.6,74.0,123.5,https://www.euroncap.com/en/results/renault/arkana/42253,Renault Arkana,5,42253,2019
0,35.8,94.0,44.0,89.0,35.4,84.0,8.3,68.0,123.49999999999999,https://www.euroncap.com/en/results/subaru/xv/29055,Subaru XV,5,29055,2017
164,36.5,96.0,41.2,84.0,35.7,74.0,10.0,76.0,123.4,https://www.euroncap.com/en/results/volvo/v60/34201,Volvo V60,5,34201,2018
192,37.2,98.0,42.9,87.0,31.9,76.0,11.4,95.0,123.4,https://www.euroncap.com/en/results/volvo/xc60/28534,Volvo XC60,5,28534,2017
103,36.5,96.0,41.2,84.0,35.7,74.0,10.0,76.0,123.4,https://www.euroncap.com/en/results/volvo/s60/34631,Volvo S60,5,34631,2018
239,36.8,96.0,43.0,87.0,34.0,70.0,9.6,73.0,123.39999999999999,https://www.euroncap.com/en/results/ford/mondeo/39121,Ford Mondeo,5,39121,2019
255,31.6,83.0,41.9,85.0,36.2,67.0,13.6,85.0,123.3,https://www.euroncap.com/en/results/alfa%2520romeo/tonale/46239,Alfa Romeo Tonale,5,46239,2022
33,33.0,86.0,42.8,87.0,36.1,66.0,11.3,70.0,123.2,https://www.euroncap.com/en/results/hyundai/tucson/43815,Hyundai TUCSON,5,43815,2021
193,32.3,84.0,40.6,82.0,37.6,69.0,12.7,79.0,123.2,https://www.euroncap.com/en/results/vw/caddy/44208,Volkswagen Caddy,5,44208,2021
200,32.3,84.0,40.6,82.0,37.6,69.0,12.7,79.0,123.2,https://www.euroncap.com/en/results/ford/tourneo%2520connect/45232,Ford Tourneo Connect,5,45232,2021
352,29.1,76.0,41.3,84.0,42.2,78.0,10.5,65.0,123.10000000000001,https://www.euroncap.com/en/results/peugeot/408/48757,Peugeot 408,4,48757,2022
78,36.0,94.0,42.7,87.0,34.8,72.0,9.5,73.0,123.0,https://www.euroncap.com/en/results/land%2Brover/range%2Brover%2Bevoque/35028,Land Rover Range Rover Evoque,5,35028,2019
302,34.2,89.0,42.6,86.0,36.3,75.0,9.8,75.0,122.9,https://www.euroncap.com/en/results/bmw/x5/34190,BMW X5,5,34190,2018
222,35.8,94.0,44.0,89.0,34.6,82.0,8.3,68.0,122.7,https://www.euroncap.com/en/results/subaru/impreza/29084,Subaru Impreza,5,29084,2017
201,36.1,95.0,45.0,91.0,31.9,66.0,9.5,73.0,122.5,https://www.euroncap.com/en/results/mazda/6/33729,Mazda 6,5,33729,2018
218,34.1,89.0,39.7,81.0,36.8,68.0,11.8,73.0,122.4,https://www.euroncap.com/en/results/audi/a3/41396,Audi A3,5,41396,2020
96,34.6,90.0,40.8,83.0,37.5,78.0,9.4,72.0,122.30000000000001,https://www.euroncap.com/en/results/mercedes-benz/g-class/34835,Mercedes-Benz G-Class,5,34835,2019
238,35.3,93.0,43.0,87.0,34.5,71.0,9.5,73.0,122.3,https://www.euroncap.com/en/results/audi/q8/39673,Audi Q8,5,39673,2019
30,31.2,82.0,42.7,87.0,37.8,69.0,10.6,66.0,122.3,https://www.euroncap.com/en/results/citro%25c3%25abn/c5%2Bx/46599,Citroën C5 X,4,46599,2022
242,32.4,85.0,40.1,81.0,38.2,70.0,11.4,71.0,122.10000000000001,https://www.euroncap.com/en/results/skoda/fabia/44207,Skoda Fabia,5,44207,2021
68,29.2,76.0,40.4,82.0,41.4,76.0,10.8,67.0,121.8,https://www.euroncap.com/en/results/hyundai/i20/46622,Hyundai i20,4,46622,2021
111,29.2,76.0,40.4,82.0,41.4,76.0,10.8,67.0,121.8,https://www.euroncap.com/en/results/hyundai/bayon/43817,Hyundai BAYON,4,43817,2021
58,29.9,78.0,38.5,78.0,40.3,74.0,13.0,81.0,121.7,https://www.euroncap.com/en/results/toyota/aygo%2Bx/46259,Toyota Aygo X,4,46259,2022
19,35.8,94.0,43.0,87.0,32.4,67.0,10.5,80.0,121.69999999999999,https://www.euroncap.com/en/results/hyundai/nexo/33731,Hyundai NEXO,5,33731,2018
236,35.4,93.0,41.4,84.0,35.2,73.0,9.6,73.0,121.6,https://www.euroncap.com/en/results/peugeot/2008/39126,Peugeot 2008,5,39126,2019
50,36.6,96.0,43.0,87.0,33.5,79.0,8.5,71.0,121.6,https://www.euroncap.com/en/results/vw/t-roc/28464,VW T-Roc,5,28464,2017
273,33.9,89.0,42.4,86.0,34.6,72.0,10.6,81.0,121.5,https://www.euroncap.com/en/results/vw/touareg/33478,Volkswagen Touareg,5,33478,2018
325,35.2,92.0,42.5,86.0,34.3,71.0,9.5,72.0,121.5,https://www.euroncap.com/en/results/audi/q7/38855,Audi Q7,5,38855,2019
109,35.9,94.0,43.2,88.0,32.2,67.0,9.9,76.0,121.2,https://www.euroncap.com/en/results/hyundai/santa%2520fe/34195,Hyundai Santa Fe,5,34195,2018
89,31.2,82.0,41.9,85.0,34.1,63.0,14.0,87.0,121.19999999999999,https://www.euroncap.com/en/results/kia/sorento/41400,Kia Sorento,5,41400,2020
243,35.4,93.0,42.3,86.0,34.2,71.0,9.3,71.0,121.19999999999999,https://www.euroncap.com/en/results/nissan/leaf/32742,Nissan LEAF,5,32742,2018
59,29.9,78.0,43.0,87.0,36.6,67.0,11.6,72.0,121.1,https://www.euroncap.com/en/results/nissan/townstar/44205,Nissan Townstar,4,44205,2021
70,29.9,78.0,43.0,87.0,36.6,67.0,11.6,72.0,121.1,https://www.euroncap.com/en/results/renault/kangoo/43189,Renault Kangoo,4,43189,2021
195,34.9,91.0,41.7,85.0,34.4,71.0,10.0,76.0,121.0,https://www.euroncap.com/en/results/audi/e-tron/35869,Audi e-tron,5,35869,2019
74,31.8,83.0,43.0,87.0,36.5,76.0,9.5,72.0,120.8,https://www.euroncap.com/en/results/bmw/1%2520series/38528,BMW 1 series,5,38528,2019
84,34.4,90.0,43.0,87.0,34.0,80.0,9.3,77.0,120.7,https://www.euroncap.com/en/results/mercedes-benz/x-class/28954,Mercedes-Benz X-Class,5,28954,2017
85,34.8,91.0,40.0,81.0,35.3,73.0,10.6,81.0,120.69999999999999,https://www.euroncap.com/en/results/jaguar/i-pace/34193,Jaguar I Pace,5,34193,2018
228,32.5,85.0,43.0,87.0,34.8,72.0,9.9,75.0,120.2,https://www.euroncap.com/en/results/ford/focus/33017,Ford Focus,5,33017,2018
83,34.1,89.0,42.6,86.0,32.6,67.0,10.8,82.0,120.10000000000001,https://www.euroncap.com/en/results/citro%25c3%25abn/c5%2520aircross/35027,Citröen C5 Aircross,5,35027,2019
152,35.5,93.0,42.0,85.0,33.9,80.0,8.7,72.0,120.10000000000001,https://www.euroncap.com/en/results/jaguar/f-pace/29701,Jaguar F-Pace,5,29701,2017
130,36.5,96.0,42.4,86.0,31.0,64.0,10.0,76.0,119.9,https://www.euroncap.com/en/results/ds/3%2Bcrossback/37575,DS 3 Crossback,5,37575,2019
182,35.7,93.0,40.7,83.0,33.6,70.0,9.9,76.0,119.9,https://www.euroncap.com/en/results/honda/cr-v/34837,Honda CR-V,5,34837,2019
217,31.3,82.0,36.8,75.0,39.1,72.0,12.6,78.0,119.79999999999998,https://www.euroncap.com/en/results/honda/hr-v/45661,Honda HR-V,4,45661,2022
289,30.4,79.0,42.2,86.0,36.4,67.0,10.7,67.0,119.7,https://www.euroncap.com/en/results/ds/9/46602,DS 9,4,46602,2022
184,31.8,83.0,40.8,83.0,35.5,65.0,11.3,70.0,119.39999999999999,https://www.euroncap.com/en/results/seat/arona/47134,SEAT Arona,5,47134,2022
336,31.8,83.0,40.4,82.0,35.7,66.0,11.3,70.0,119.2,https://www.euroncap.com/en/results/seat/ibiza/47135,Seat Ibiza,5,47135,2022
220,36.2,95.0,39.3,80.0,32.3,76.0,11.2,93.0,119.0,https://www.euroncap.com/en/results/volvo/v90/26100,Volvo V90,5,26100,2017
272,36.2,95.0,39.3,80.0,32.3,76.0,11.2,93.0,119.0,https://www.euroncap.com/en/results/volvo/s90/26099,Volvo S90,5,26099,2017
169,28.7,75.0,41.3,84.0,37.9,70.0,11.0,69.0,118.9,https://www.euroncap.com/en/results/ford/puma/48749,Ford Puma,4,48749,2022
168,35.5,93.0,42.0,85.0,32.8,78.0,8.4,69.0,118.7,https://www.euroncap.com/en/results/opel/vauxhall/insignia/27281,Opel/Vauxhall Insignia,5,27281,2017
143,30.4,80.0,39.0,79.0,37.7,69.0,11.4,71.0,118.50000000000001,https://www.euroncap.com/en/results/mobilize/limo/47198,Mobilize Limo,4,47198,2022
213,33.8,88.0,41.8,85.0,33.1,68.0,9.7,74.0,118.39999999999999,https://www.euroncap.com/en/results/ssangyong/korando/38099,SsangYong Korando,5,38099,2019
29,31.3,82.0,40.1,81.0,36.6,67.0,10.2,64.0,118.2,https://www.euroncap.com/en/results/bmw/2%2Bseries%2Bcoup%25c3%25a9/45236,BMW 2 Series Coupé,4,45236,2022
65,30.7,80.0,40.4,82.0,36.4,67.0,10.6,66.0,118.1,https://www.euroncap.com/en/results/opel%252fvauxhall/astra/45874,Opel/Vauxhall Astra,4,45874,2022
176,35.4,93.0,39.7,81.0,33.0,78.0,9.9,82.0,118.0,https://www.euroncap.com/en/results/kia/stinger/29545,Kia Stinger,5,29545,2017
110,35.0,91.0,43.0,87.0,30.8,73.0,9.2,76.0,118.0,https://www.euroncap.com/en/results/ds/7%2520crossback/28749,DS 7 Crossback,5,28749,2017
219,34.8,91.0,42.0,85.0,34.1,81.0,7.1,59.0,118.0,https://www.euroncap.com/en/results/bmw/5%2520series/26656,BMW 5 Series,5,26656,2017
116,33.8,88.0,41.9,85.0,32.7,68.0,9.6,73.0,117.99999999999999,https://www.euroncap.com/en/results/kia/cee%2527d/37572,Kia Ceed,5,37572,2019
190,29.1,76.0,41.3,84.0,37.0,68.0,10.5,65.0,117.9,https://www.euroncap.com/en/results/peugeot/308/45875,Peugeot 308,4,45875,2022
262,36.7,96.0,42.0,85.0,32.0,76.0,7.2,59.0,117.9,https://www.euroncap.com/en/results/vw/polo/28459,VW Polo,5,28459,2017
225,36.9,97.0,38.2,78.0,33.8,80.0,8.5,71.0,117.39999999999999,https://www.euroncap.com/en/results/mitsubishi/eclipse%2Bcross/28678,Mitsubishi Eclipse Cross,5,28678,2017
263,35.5,93.0,41.8,85.0,31.3,74.0,8.7,72.0,117.3,https://www.euroncap.com/en/results/land%2Brover/range%2Brover%2Bvelar/28393,Range Rover Velar,5,28393,2017
79,33.0,86.0,43.0,87.0,32.5,77.0,8.7,72.0,117.2,https://www.euroncap.com/en/results/jaguar/e-pace/29026,Jaguar E-Pace,5,29026,2017
56,32.3,85.0,41.0,83.0,33.8,70.0,9.5,73.0,116.6,https://www.euroncap.com/en/results/porsche/taycan/39129,Porsche Taycan,5,39129,2019
38,34.5,90.0,41.7,85.0,31.0,64.0,9.2,70.0,116.4,https://www.euroncap.com/en/results/mg/zs%2520ev/39678,MG ZS EV,5,39678,2019
104,33.0,86.0,42.0,85.0,34.1,81.0,7.1,59.0,116.19999999999999,https://www.euroncap.com/en/results/bmw/6%2520series%2520gt/30116,BMW 6 Series GT,5,30116,2017
61,37.0,97.0,41.6,84.0,30.2,71.0,7.3,60.0,116.1,https://www.euroncap.com/en/results/alfa%2Bromeo/stelvio/27419,Alfa Romeo Stelvio,5,27419,2017
280,35.7,93.0,42.3,86.0,31.0,73.0,7.0,58.0,116.0,https://www.euroncap.com/en/results/audi/q5/26312,Audi Q5,5,26312,2017
290,35.2,92.0,40.0,81.0,30.8,64.0,9.9,76.0,115.9,https://www.euroncap.com/en/results/mg/hs/39677,MG HS,5,39677,2019
320,36.2,95.0,38.0,77.0,32.2,76.0,9.4,78.0,115.80000000000001,https://www.euroncap.com/en/results/toyota/c-hr/26309,Toyota C-HR,5,26309,2017
137,36.5,95.0,39.4,80.0,32.8,78.0,7.1,59.0,115.8,https://www.euroncap.com/en/results/mazda/cx-5/27704,Mazda CX-5,5,27704,2017
69,34.6,91.0,39.1,79.0,33.4,79.0,8.7,72.0,115.8,https://www.euroncap.com/en/results/nissan/micra/26836,Nissan Micra,5,26836,2017
231,28.9,76.0,39.5,80.0,36.4,67.0,10.8,67.0,115.60000000000001,https://www.euroncap.com/en/results/fiat/500e/44198,FIAT 500e,4,44198,2021
125,31.9,84.0,42.5,86.0,32.1,66.0,9.0,69.0,115.5,https://www.euroncap.com/en/results/opel/vauxhall/corsa/38859,Opel/Vauxhall Corsa,4,38859,2019
127,36.2,95.0,39.4,80.0,32.4,77.0,7.3,60.0,115.3,https://www.euroncap.com/en/results/seat/arona/28846,Seat Arona,5,28846,2017
14,35.2,92.0,39.0,79.0,31.2,65.0,9.8,75.0,115.2,https://www.euroncap.com/en/results/ford/tourneo%2520connect/33476,Ford Tourneo Connect,4,33476,2018
88,34.7,91.0,41.4,84.0,29.9,62.0,8.9,68.0,114.9,https://www.euroncap.com/en/results/peugeot/2008/39125,Peugeot 2008,4,39125,2019
330,33.2,87.0,42.2,86.0,29.4,61.0,10.0,76.0,114.80000000000001,https://www.euroncap.com/en/results/ford/explorer/38856,Ford Explorer,5,38856,2019
252,35.0,92.0,36.9,75.0,31.7,75.0,10.7,88.0,114.30000000000001,https://www.euroncap.com/en/results/honda/civic/29192,Honda Civic (reassessment),5,29192,2017
138,34.3,90.0,39.5,80.0,31.7,75.0,8.8,73.0,114.3,https://www.euroncap.com/en/results/land%2Brover/discovery/26434,Land Rover Discovery,5,26434,2017
295,29.4,77.0,40.0,81.0,34.0,62.0,10.7,66.0,114.10000000000001,https://www.euroncap.com/en/results/vw/touran/47768,Volkswagen Touran,4,47768,2022
342,36.2,95.0,39.6,80.0,30.8,73.0,7.5,62.0,114.10000000000001,https://www.euroncap.com/en/results/porsche/cayenne/29116,Porsche Cayenne,5,29116,2017
63,33.4,87.0,42.6,86.0,27.9,58.0,9.8,75.0,113.7,https://www.euroncap.com/en/results/citro%25c3%25abn/c5%2Baircross/35026,Citroën C5 Aircross,4,35026,2019
271,35.5,93.0,41.2,84.0,29.8,71.0,7.1,59.0,113.6,https://www.euroncap.com/en/results/kia/stonic/29605,Kia Stonic,5,29605,2017
1,28.7,76.0,40.6,82.0,33.9,62.0,10.4,65.0,113.6,https://www.euroncap.com/en/results/honda/e/41399,Honda e,4,41399,2020
347,35.5,93.0,41.2,84.0,29.8,71.0,7.1,59.0,113.6,https://www.euroncap.com/en/results/kia/rio/27768,Kia Rio,5,27768,2017
335,34.7,91.0,42.5,86.0,26.9,56.0,9.2,71.0,113.3,https://www.euroncap.com/en/results/peugeot/208/38543,Peugeot 208,4,38543,2019
75,36.1,95.0,37.8,77.0,32.0,76.0,7.3,60.0,113.2,https://www.euroncap.com/en/results/seat/ibiza/27356,Seat Ibiza,5,27356,2017
49,35.4,93.0,41.2,84.0,29.4,70.0,7.0,58.0,113.0,https://www.euroncap.com/en/results/bmw/x3%2B%252f%2Bx4/33285,BMW X3 / X4,5,33285,2017
23,30.5,80.0,40.9,83.0,30.9,57.0,10.2,63.0,112.50000000000001,https://www.euroncap.com/en/results/citro%25c3%25abn/c4/42889,Citroën C4,4,42889,2021
199,35.5,93.0,38.9,79.0,31.0,73.0,7.0,58.0,112.4,https://www.euroncap.com/en/results/skoda/karoq/28527,Skoda Karoq,5,28527,2017
147,34.9,91.0,39.8,81.0,28.2,58.0,8.9,68.0,111.8,https://www.euroncap.com/en/results/citro%25c3%25abn/berlingo/33738,Citroën Berlingo,4,33738,2018
55,34.9,91.0,39.8,81.0,28.2,58.0,8.9,68.0,111.8,https://www.euroncap.com/en/results/opel%252fvauxhall/combo/33737,Opel/Vauxhall Combo,4,33737,2018
310,34.9,91.0,39.8,81.0,28.2,58.0,8.9,68.0,111.8,https://www.euroncap.com/en/results/peugeot/rifter/33736,Peugeot Rifter,4,33736,2018
135,34.9,91.0,39.8,81.0,28.2,58.0,8.9,68.0,111.8,https://www.euroncap.com/en/results/toyota/proace%2520city/40219,Toyota PROACE CITY,4,40219,2018
291,33.5,88.0,41.6,84.0,27.1,64.0,8.3,68.0,110.49999999999999,https://www.euroncap.com/en/results/hyundai/i30/27355,Hyundai i30,5,27355,2017
149,35.0,92.0,33.0,67.0,31.7,75.0,10.7,88.0,110.4,https://www.euroncap.com/en/results/honda/civic/27441,Honda Civic,4,27441,2017
120,30.6,80.0,37.0,75.0,29.8,55.0,12.8,80.0,110.19999999999999,https://www.euroncap.com/en/results/mg/marvel%2Br/43818,MG Marvel R,4,43818,2021
159,35.3,92.0,38.2,77.0,30.0,71.0,6.5,54.0,110.0,https://www.euroncap.com/en/results/skoda/kodiaq/26894,Skoda Kodiaq,5,26894,2017
264,33.1,87.0,42.4,86.0,26.1,54.0,8.3,63.0,109.89999999999999,https://www.euroncap.com/en/results/ds/3%2Bcrossback/37574,DS 3 Crossback,4,37574,2019
117,33.8,88.0,41.9,85.0,25.2,52.0,8.9,68.0,109.8,https://www.euroncap.com/en/results/kia/cee%2527d/37571,Kia Ceed,4,37571,2019
51,34.5,90.0,40.7,83.0,27.3,64.0,7.1,59.0,109.6,https://www.euroncap.com/en/results/jeep/compass/27881,Jeep Compass,5,27881,2017
25,34.0,89.0,38.4,78.0,28.7,59.0,8.2,62.0,109.30000000000001,https://www.euroncap.com/en/results/seat/alhambra/39134,SEAT Alhambra,4,39134,2019
6,34.0,89.0,38.4,78.0,28.7,59.0,8.2,62.0,109.30000000000001,https://www.euroncap.com/en/results/vw/sharan/39144,Volkswagen Sharan,4,39144,2019
150,32.1,84.0,42.8,87.0,26.8,63.0,7.2,60.0,108.9,https://www.euroncap.com/en/results/opel/vauxhall/grandland%2520x/27772,Opel/Vauxhall Grandland X,5,27772,2017
268,33.4,87.0,41.8,85.0,26.4,62.0,7.2,60.0,108.8,https://www.euroncap.com/en/results/hyundai/kona/29609,Hyundai KONA,5,29609,2017
151,33.2,87.0,41.3,84.0,27.0,64.0,7.2,60.0,108.7,https://www.euroncap.com/en/results/ford/fiesta/27708,Ford Fiesta,5,27708,2017
348,34.5,90.0,38.9,79.0,26.1,62.0,9.1,75.0,108.6,https://www.euroncap.com/en/results/renault/koleos/27777,Renault Koleos,5,27777,2017
303,34.6,91.0,39.1,79.0,28.8,68.0,6.0,49.0,108.5,https://www.euroncap.com/en/results/nissan/micra/26835,Nissan Micra,4,26835,2017
86,31.5,82.0,36.0,73.0,31.5,75.0,8.7,72.0,107.7,https://www.euroncap.com/en/results/opel/vauxhall/ampera-e/27811,Opel/Vauxhall Ampera-e,4,27811,2017
191,32.6,85.0,40.5,82.0,27.0,64.0,7.2,60.0,107.3,https://www.euroncap.com/en/results/citro%25c3%25abn/c3%2Baircross/28711,Citroën C3 Aircross,5,28711,2017
216,34.1,89.0,38.8,79.0,27.8,66.0,6.4,53.0,107.10000000000001,https://www.euroncap.com/en/results/mercedes-benz/c-class%2Bcabriolet/27817,Mercedes-Benz C-Class Cabriolet,5,27817,2017
12,27.9,73.0,37.0,75.0,31.8,58.0,10.3,64.0,107.0,https://www.euroncap.com/en/results/opel/vauxhall/mokka/43183,Opel Mokka,4,43183,2021
279,34.3,90.0,39.3,80.0,27.2,64.0,6.2,51.0,107.0,https://www.euroncap.com/en/results/mini/countryman/26807,MINI Countryman,5,26807,2017
32,32.6,85.0,41.2,84.0,26.1,62.0,7.0,57.0,106.9,https://www.euroncap.com/en/results/opel/vauxhall/crossland%2520x/28607,Opel/Vauxhall Crossland X,5,28607,2017
11,31.2,82.0,41.4,84.0,26.7,55.0,7.6,58.0,106.89999999999999,https://www.euroncap.com/en/results/jeep/renegade/39123,Jeep Renegade,3,39123,2019
22,33.5,88.0,41.0,83.0,25.0,59.0,7.0,58.0,106.5,https://www.euroncap.com/en/results/citro%25c3%25abn/c3/26313,Citroën C3,4,26313,2017
281,30.7,80.0,38.3,78.0,27.2,56.0,9.1,69.0,105.3,https://www.euroncap.com/en/results/jeep/cherokee/38542,Jeep Cherokee,4,38542,2019
293,33.5,88.0,36.9,75.0,29.4,69.0,5.4,44.0,105.20000000000002,https://www.euroncap.com/en/results/suzuki/swift/26928,Suzuki Swift,4,26928,2017
37,31.7,83.0,39.5,80.0,26.7,63.0,6.9,57.0,104.80000000000001,https://www.euroncap.com/en/results/toyota/yaris/29484,Toyota Yaris,5,29484,2017
173,32.5,85.0,41.2,84.0,26.0,62.0,3.0,25.0,102.7,https://www.euroncap.com/en/results/kia/rio/27767,Kia Rio,3,27767,2017
166,32.5,85.0,41.2,84.0,26.0,62.0,3.0,25.0,102.7,https://www.euroncap.com/en/results/kia/stonic/29604,Kia Stonic,3,29604,2017
221,30.8,81.0,41.0,83.0,22.5,46.0,7.2,55.0,101.5,https://www.euroncap.com/en/results/skoda/citigo/39973,Škoda CITIGO,3,39973,2019
244,30.8,81.0,41.0,83.0,22.5,46.0,7.2,55.0,101.5,https://www.euroncap.com/en/results/vw/up%21/39809,VW up!,3,39809,2019
54,30.8,81.0,41.0,83.0,22.5,46.0,7.2,55.0,101.5,https://www.euroncap.com/en/results/seat/mii/39972,SEAT Mii,3,39972,2019
106,26.2,69.0,37.2,75.0,28.4,52.0,9.5,59.0,101.30000000000001,https://www.euroncap.com/en/results/hyundai/i10/41393,Hyundai i10,3,41393,2020
136,27.9,73.0,41.4,84.0,25.1,52.0,6.5,50.0,100.9,https://www.euroncap.com/en/results/suzuki/jimny/33370,Suzuki Jimny,3,33370,2018
340,31.5,83.0,36.9,75.0,29.4,69.0,3.0,25.0,100.80000000000001,https://www.euroncap.com/en/results/suzuki/swift/26927,Suzuki Swift,3,26927,2017
172,31.3,82.0,31.2,63.0,27.0,64.0,6.9,57.0,96.4,https://www.euroncap.com/en/results/toyota/aygo/29447,Toyota Aygo,4,29447,2017
60,33.3,87.0,31.6,64.0,22.8,54.0,5.7,47.0,93.4,https://www.euroncap.com/en/results/kia/picanto/27763,Kia Picanto,4,27763,2017
146,26.9,70.0,35.6,72.0,22.2,41.0,6.8,42.0,91.5,https://www.euroncap.com/en/results/dacia/sandero%2Bstepway/42506,Dacia Sandero Stepway,2,42506,2021
288,26.9,70.0,35.6,72.0,22.2,41.0,6.8,42.0,91.5,https://www.euroncap.com/en/results/dacia/logan/42505,Dacia Logan,2,42505,2021
311,28.0,73.0,34.4,70.0,21.9,45.0,7.2,55.0,91.5,https://www.euroncap.com/en/results/aiways/u5/39672,Aiways U5,3,39672,2019
337,28.2,74.0,38.4,78.0,20.3,48.0,3.0,25.0,89.89999999999999,https://www.euroncap.com/en/results/citro%25c3%25abn/e-mehari/28992,Citroën e-Mehari,3,28992,2017
308,28.3,74.0,31.2,63.0,27.0,64.0,3.0,25.0,89.5,https://www.euroncap.com/en/results/toyota/aygo/29355,Toyota Aygo,3,29355,2017
224,26.6,70.0,34.1,69.0,22.2,41.0,6.4,39.0,89.30000000000001,https://www.euroncap.com/en/results/dacia/jogger/45231,Dacia Jogger,1,45231,2021
344,30.3,79.0,31.6,64.0,22.8,54.0,3.0,25.0,87.7,https://www.euroncap.com/en/results/kia/picanto/27762,Kia Picanto,3,27762,2017
248,27.1,71.0,32.4,66.0,23.6,56.0,4.5,37.0,87.6,https://www.euroncap.com/en/results/dacia/duster/29898,Dacia Duster,3,29898,2017
5,28.9,76.0,29.6,60.0,25.0,59.0,3.5,29.0,87.0,https://www.euroncap.com/en/results/ford/c-max/29920,Ford C-MAX,3,29920,2017
7,28.9,76.0,29.6,60.0,25.0,59.0,3.5,29.0,87.0,https://www.euroncap.com/en/results/ford/grand%2520c-max/29958,Ford Grand C-MAX,3,29958,2017
3,27.8,73.0,30.0,61.0,24.3,57.0,3.5,29.0,85.6,https://www.euroncap.com/en/results/ford/ka%252b/26314,Ford Ka+,3,26314,2017
301,27.7,72.0,15.8,32.0,32.8,78.0,7.4,61.0,83.7,https://www.euroncap.com/en/results/ford/mustang/27540,Ford Mustang (reassessment),3,27540,2017
265,27.6,72.0,27.5,56.0,25.0,59.0,3.0,25.0,83.1,https://www.euroncap.com/en/results/alfa%2520romeo/giulietta/29288,Alfa Romeo Giulietta,3,29288,2017
47,19.3,50.0,34.3,69.0,23.9,49.0,4.2,32.0,81.7,https://www.euroncap.com/en/results/jeep/wrangler/34192,Jeep Wrangler,1,34192,2018
321,27.3,71.0,25.1,51.0,25.1,59.0,3.5,29.0,81.0,https://www.euroncap.com/en/results/mg/zs/29657,MG ZS,3,29657,2017
156,23.5,61.0,29.9,60.0,24.5,58.0,3.0,25.0,80.9,https://www.euroncap.com/en/results/opel%252fvauxhall/karl/28538,Opel/Vauxhall Karl,3,28538,2017
132,28.9,75.0,22.9,46.0,24.0,57.0,3.0,25.0,78.8,https://www.euroncap.com/en/results/fiat/doblo/26657,FIAT Doblò,3,26657,2017
131,25.1,66.0,24.4,49.0,22.5,53.0,3.2,27.0,75.2,https://www.euroncap.com/en/results/fiat/500/26307,FIAT 500,3,26307,2017
179,18.9,49.0,27.5,56.0,21.3,39.0,5.2,32.0,72.9,https://www.euroncap.com/en/results/dacia/spring/44197,Dacia Spring,1,44197,2021
314,27.7,72.0,15.8,32.0,27.0,64.0,2.0,16.0,72.5,https://www.euroncap.com/en/results/ford/mustang/26063,Ford Mustang,2,26063,2017
2,26.3,69.0,18.6,37.0,23.5,55.0,3.5,29.0,71.9,https://www.euroncap.com/en/results/ds/3/29893,DS 3,3,29893,2017
297,16.4,43.0,25.9,52.0,22.2,41.0,2.2,14.0,66.7,https://www.euroncap.com/en/results/renault/zoe/44206,Renault Zoe,0,44206,2021
107,19.7,51.0,21.4,43.0,22.2,52.0,0.0,0.0,63.3,https://www.euroncap.com/en/results/fiat/punto/29849,FIAT Punto,0,29849,2017
21,17.4,45.0,8.0,16.0,22.9,47.0,1.0,7.0,49.3,https://www.euroncap.com/en/results/fiat/panda/34191,FIAT Panda,0,34191,2018
